mcc,edited_description,combined_description,usda_description,irs_description,irs_reportable
0,Unknown / Uncategorized,Unknown / Uncategorized,Unknown,Unknown,No
742,Veterinary Services,Veterinary Services,Veterinary Services,Veterinary Services,Yes
763,Agricultural Co-operatives,Agricultural Co-operatives,Agricultural Co-operatives,Agricultural Cooperative,Yes
780,"Horticultural Services, Landscaping Services","Horticultural Services, Landscaping Services",Horticultural Services,Landscaping Services,Yes
1520,General Contractors-Residential and Commercial,General Contractors-Residential and Commercial,General Contractors-Residential and Commercial,General Contractors,Yes
1711,"Air Conditioning Contractors – Sales and Installation, Heating Contractors – Sales, Service, Installation","Air Conditioning Contractors – Sales and Installation, Heating Contractors – Sales, Service, Installation",Air Conditioning Contractors – Sales and Installation,"Heating, Plumbing, A/C",Yes
1731,Electrical Contractors,Electrical Contractors,Electrical Contractors,Electrical Contractors,Yes
1740,"Insulation – Contractors, Masonry, Stonework Contractors, Plastering Contractors, Stonework and Masonry Contractors, Tile Settings Contractors","Insulation – Contractors, Masonry, Stonework Contractors, Plastering Contractors, Stonework and Masonry Contractors, Tile Settings Contractors",Insulation – Contractors,"Masonry, Stonework, and Plaster",Yes
1750,Carpentry Contractors,Carpentry Contractors,Carpentry Contractors,Carpentry Contractors,Yes
1761,"Roofing – Contractors, Sheet Metal Work – Contractors, Siding – Contractors","Roofing – Contractors, Sheet Metal Work – Contractors, Siding – Contractors",Roofing - Contractors,"Roofing/Siding, Sheet Metal",Yes
1799,"Contractors – Special Trade, Not Elsewhere Classified","Contractors – Special Trade, Not Elsewhere Classified","Contractors – Special Trade, Not Elsewhere Classified",Special Trade Contractors,Yes
2741,Miscellaneous Publishing and Printing,Miscellaneous Publishing and Printing,Miscellaneous Publishing and Printing,Miscellaneous Publishing and Printing,Yes
2791,"Typesetting, Plate Making, & Related Services","Typesetting, Plate Making, & Related Services","Typesetting, Plate Making, & Related Services","Typesetting, Plate Making, and Related Services",Yes
2842,"Specialty Cleaning, Polishing, and Sanitation Preparations","Specialty Cleaning, Polishing, and Sanitation Preparations","Specialty Cleaning, Polishing, and Sanitation Preparations",Specialty Cleaning,Yes
3001,AMERICAN AIRLINES,AMERICAN AIRLINES,AMERICAN AIRLINES,Airlines,Yes
3005,BRITISH AIRWAYS,BRITISH AIRWAYS,BRITISH AIRWAYS,Airlines,Yes
3006,JAPAN AIRLINES,JAPAN AIRLINES,JAPAN AIRLINES,Airlines,Yes
3007,AIR FRANCE,AIR FRANCE,AIR FRANCE,Airlines,Yes
3008,LUFTHANSA,LUFTHANSA,LUFTHANSA,Airlines,Yes
3010,KLM (ROYAL DUTCH AIRLINES),KLM (ROYAL DUTCH AIRLINES),KLM (ROYAL DUTCH AIRLINES),Airlines,Yes
3011,AEORFLOT,AEORFLOT,AEORFLOT,Airlines,Yes
3013,ALITALIA,ALITALIA,ALITALIA,Airlines,Yes
3015,SWISSAIR,SWISSAIR,SWISSAIR,Airlines,Yes
3016,SAS,SAS,SAS,Airlines,Yes
3026,Airlines,Airlines,,Airlines,Yes
3028,AIR MALTA,AIR MALTA,AIR MALTA,Airlines,Yes
3029,SABENA,SABENA,SABENA,Airlines,Yes
3030,AEROLINEAS ARGENTINAS,AEROLINEAS ARGENTINAS,AEROLINEAS ARGENTINAS,Airlines,Yes
3032,EL AL,EL AL,EL AL,Airlines,Yes
3034,AUSTRAINLIAN AIRLINES,AUSTRAINLIAN AIRLINES,AUSTRAINLIAN AIRLINES,Airlines,Yes
3035,TAP (PORTUGAL),TAP (PORTUGAL),TAP (PORTUGAL),Airlines,Yes
3042,FINNAIR,FINNAIR,FINNAIR,Airlines,Yes
3047,THY (TURKEY),THY (TURKEY),THY (TURKEY),Airlines,Yes
3050,ICELANDAIR,ICELANDAIR,ICELANDAIR,Airlines,Yes
3051,AUSTRIAN AIRLINES,AUSTRIAN AIRLINES,AUSTRIAN AIRLINES,Airlines,Yes
3058,DELTA,DELTA,DELTA,Airlines,Yes
3068,Airlines,Airlines,,Airlines,Yes
3075,SINGAPORE AIRLINES,SINGAPORE AIRLINES,SINGAPORE AIRLINES,Airlines,Yes
3077,THAI AIRWAYS,THAI AIRWAYS,THAI AIRWAYS,Airlines,Yes
3079,Airlines,Airlines,,Airlines,Yes
3088,CROATIA AIRLINES,CROATIA AIRLINES,CROATIA AIRLINES,Airlines,Yes
3089,TRANSAERO,TRANSAERO,TRANSAERO,Airlines,Yes
3102,IBERIA,IBERIA,IBERIA,Airlines,Yes
3136,Airlines,Airlines,,Airlines,Yes
3161,ALL NIPPON AIRWAYS,ALL NIPPON AIRWAYS,ALL NIPPON AIRWAYS,Airlines,Yes
3180,Airlines,Airlines,,Airlines,Yes
3182,LOT (POLAND),LOT (POLAND),LOT (POLAND),Airlines,Yes
3206,Airlines,Airlines,,Airlines,Yes
3211,Airlines,Airlines,,Airlines,Yes
3217,CSA,CSA,CSA,Airlines,Yes
3245,Airlines,Airlines,,Airlines,Yes
3246,Airlines,Airlines,,Airlines,Yes
3256,ALASKA AIRLINES,ALASKA AIRLINES,ALASKA AIRLINES,Airlines,Yes
3261,AIR CHINA,AIR CHINA,AIR CHINA,Airlines,Yes
3266,AIR SEYCHELLES,AIR SEYCHELLES,AIR SEYCHELLES,Airlines,Yes
3301,Budget Car Rental,Budget Car Rental,Car Rental,Car Rental,No
3351,AFFILIATED AUTO RENTAL,AFFILIATED AUTO RENTAL,AFFILIATED AUTO RENTAL,Car Rental,Yes
3355,Car Rental,Car Rental,,Car Rental,Yes
3357,HERTZ RENT-A-CAR,HERTZ RENT-A-CAR,HERTZ RENT-A-CAR,Car Rental,Yes
3366,BUDGET RENT-A-CAR,BUDGET RENT-A-CAR,BUDGET RENT-A-CAR,Car Rental,Yes
3381,EUROP CAR,EUROP CAR,EUROP CAR,Car Rental,Yes
3387,ALAMO RENT-A-CAR,ALAMO RENT-A-CAR,ALAMO RENT-A-CAR,Car Rental,Yes
3389,AVIS RENT-A-CAR,AVIS RENT-A-CAR,AVIS RENT-A-CAR,Car Rental,Yes
3400,AUTO HOST COST CAR RENTALS,AUTO HOST COST CAR RENTALS,AUTO HOST COST CAR RENTALS,Car Rental,Yes
3405,ENTERPRISE RENT-A-CAR,ENTERPRISE RENT-A-CAR,ENTERPRISE RENT-A-CAR,Car Rental,Yes
3501,"HOLIDAY INNS, HOLIDAY INN EXPRESS","HOLIDAY INNS, HOLIDAY INN EXPRESS",HOLIDAY INNS,Hotels/Motels/Inns/Resorts,Yes
3502,BEST WESTERN HOTELS,BEST WESTERN HOTELS,BEST WESTERN HOTELS,Hotels/Motels/Inns/Resorts,Yes
3503,SHERATON HOTELS,SHERATON HOTELS,SHERATON HOTELS,Hotels/Motels/Inns/Resorts,Yes
3504,HILTON HOTELS,HILTON HOTELS,HILTON HOTELS,Hotels/Motels/Inns/Resorts,Yes
3509,MARRIOTT HOTELS,MARRIOTT HOTELS,MARRIOTT HOTELS,Hotels/Motels/Inns/Resorts,Yes
3512,INTER-CONTINENTAL HOTELS,INTER-CONTINENTAL HOTELS,INTER-CONTINENTAL HOTELS,Hotels/Motels/Inns/Resorts,Yes
3520,MERIDIEN HOTELS,MERIDIEN HOTELS,MERIDIEN HOTELS,Hotels/Motels/Inns/Resorts,Yes
3526,Hotels/Motels/Inns/Resorts,Hotels/Motels/Inns/Resorts,,Hotels/Motels/Inns/Resorts,Yes
3530,"RENAISSANCE HOTELS, STOUFFER HOTELS","RENAISSANCE HOTELS, STOUFFER HOTELS",RENAISSANCE HOTELS,Hotels/Motels/Inns/Resorts,Yes
3533,HOTEL IBIS,HOTEL IBIS,HOTEL IBIS,Hotels/Motels/Inns/Resorts,Yes
3535,HILTON INTERNATIONAL,HILTON INTERNATIONAL,HILTON INTERNATIONAL,Hotels/Motels/Inns/Resorts,Yes
3542,ROYAL HOTELS,ROYAL HOTELS,ROYAL HOTELS,Hotels/Motels/Inns/Resorts,Yes
3543,FOUR SEASONS HOTELS,FOUR SEASONS HOTELS,FOUR SEASONS HOTELS,Hotels/Motels/Inns/Resorts,Yes
3548,HOTELES MELIA,HOTELES MELIA,HOTELES MELIA,Hotels/Motels/Inns/Resorts,Yes
3553,PARK INNS INTERNATIONAL,PARK INNS INTERNATIONAL,PARK INNS INTERNATIONAL,Hotels/Motels/Inns/Resorts,Yes
3579,HOTEL MERCURE,HOTEL MERCURE,HOTEL MERCURE,Hotels/Motels/Inns/Resorts,Yes
3583,SAS HOTELS,SAS HOTELS,SAS HOTELS,Hotels/Motels/Inns/Resorts,Yes
3586,SOKOS HOTELS,SOKOS HOTELS,SOKOS HOTELS,Hotels/Motels/Inns/Resorts,Yes
3589,Hotels/Motels/Inns/Resorts,Hotels/Motels/Inns/Resorts,,Hotels/Motels/Inns/Resorts,Yes
3590,FAIRMONT HOTELS,FAIRMONT HOTELS,FAIRMONT HOTELS,Hotels/Motels/Inns/Resorts,Yes
3604,Hotels/Motels/Inns/Resorts,Hotels/Motels/Inns/Resorts,,Hotels/Motels/Inns/Resorts,Yes
3612,MOVENPICK HOTELS,MOVENPICK HOTELS,MOVENPICK HOTELS,Hotels/Motels/Inns/Resorts,Yes
3615,TRAVELODGE,TRAVELODGE,TRAVELODGE,Hotels/Motels/Inns/Resorts,Yes
3618,Hotels/Motels/Inns/Resorts,Hotels/Motels/Inns/Resorts,,Hotels/Motels/Inns/Resorts,Yes
3621,Hotels/Motels/Inns/Resorts,Hotels/Motels/Inns/Resorts,,Hotels/Motels/Inns/Resorts,Yes
3634,SWISSOTEL,SWISSOTEL,SWISSOTEL,Hotels/Motels/Inns/Resorts,Yes
3640,HYATT HOTEL,HYATT HOTEL,HYATT HOTEL,Hotels/Motels/Inns/Resorts,Yes
3641,SOFITEL HOTELS,SOFITEL HOTELS,SOFITEL HOTELS,Hotels/Motels/Inns/Resorts,Yes
3642,NOVOTEL HOTELS,NOVOTEL HOTELS,NOVOTEL HOTELS,Hotels/Motels/Inns/Resorts,Yes
3643,STEIGENBERGER HOTELS,STEIGENBERGER HOTELS,STEIGENBERGER HOTELS,Hotels/Motels/Inns/Resorts,Yes
3649,RADISSON HOTELS,RADISSON HOTELS,RADISSON HOTELS,Hotels/Motels/Inns/Resorts,Yes
3654,LOEWS HOTELS,LOEWS HOTELS,LOEWS HOTELS,Hotels/Motels/Inns/Resorts,Yes
3655,SCANDIC HOTELS,SCANDIC HOTELS,SCANDIC HOTELS,Hotels/Motels/Inns/Resorts,Yes
3665,HAMPTON INNS,HAMPTON INNS,HAMPTON INNS,Hotels/Motels/Inns/Resorts,Yes
3672,CAMPANIEL HOTELS,CAMPANIEL HOTELS,CAMPANIEL HOTELS,Hotels/Motels/Inns/Resorts,Yes
3674,RANTASIPI HOTELS,RANTASIPI HOTELS,RANTASIPI HOTELS,Hotels/Motels/Inns/Resorts,Yes
3678,CUMULUS HOTELS,CUMULUS HOTELS,CUMULUS HOTELS,Hotels/Motels/Inns/Resorts,Yes
3690,COURTYARD BY MARRIOTT,COURTYARD BY MARRIOTT,COURTYARD BY MARRIOTT,Hotels/Motels/Inns/Resorts,Yes
3692,DOUBLETREE HOTELS,DOUBLETREE HOTELS,DOUBLETREE HOTELS,Hotels/Motels/Inns/Resorts,Yes
3703,RESIDENCE INNS,RESIDENCE INNS,RESIDENCE INNS,Hotels/Motels/Inns/Resorts,Yes
3710,THE RITZ CARLTON HOTELS,THE RITZ CARLTON HOTELS,THE RITZ CARLTON HOTELS,Hotels/Motels/Inns/Resorts,Yes
3716,CARLTON HOTELS,CARLTON HOTELS,CARLTON HOTELS,Hotels/Motels/Inns/Resorts,Yes
3742,CLUB MED,CLUB MED,CLUB MED,Hotels/Motels/Inns/Resorts,Yes
3750,CROWNE PLAZA HOTELS,CROWNE PLAZA HOTELS,CROWNE PLAZA HOTELS,Hotels/Motels/Inns/Resorts,Yes
3770,Hotels/Motels/Inns/Resorts,Hotels/Motels/Inns/Resorts,,Hotels/Motels/Inns/Resorts,Yes
3778,Hotels/Motels/Inns/Resorts,Hotels/Motels/Inns/Resorts,,Hotels/Motels/Inns/Resorts,Yes
3780,Hotels/Motels/Inns/Resorts,Hotels/Motels/Inns/Resorts,,Hotels/Motels/Inns/Resorts,Yes
3798,Lodging — Not Elsewhere Classified,Lodging — Not Elsewhere Classified,Airlines,Airlines,No
3811,Lodging — Not Elsewhere Classified,Lodging — Not Elsewhere Classified,Airlines,Airlines,No
3813,Lodging — Not Elsewhere Classified,Lodging — Not Elsewhere Classified,Airlines,Airlines,No
3831,Lodging — Not Elsewhere Classified,Lodging — Not Elsewhere Classified,Airlines,Airlines,No
3835,* MASTERS ECONOMY INNS,* MASTERS ECONOMY INNS,* MASTERS ECONOMY INNS,,
4011,Railroads,Railroads,,Railroads,No1.6041-3(c)
4111,"Local/Suburban Commuter Passenger Transportation – Railroads, Feries, Local Water Transportation.","Local/Suburban Commuter Passenger Transportation – Railroads, Feries, Local Water Transportation.","Local/Suburban Commuter Passenger Transportation – Railroads, Feries, Local Water Transportation.","Commuter Transport, Ferries",Yes
4112,Passenger Railways,Passenger Railways,Passenger Railways,Passenger Railways,Yes
4119,Ambulance Services,Ambulance Services,Ambulance Services,Ambulance Services,Yes
4121,Taxicabs and Limousines,Taxicabs and Limousines,Taxicabs and Limousines,Taxicabs/Limousines,Yes
4131,"Bus Lines, Including Charters, Tour Buses","Bus Lines, Including Charters, Tour Buses","Bus Lines, Including Charters, Tour Buses",Bus Lines,Yes
4214,"Motor Freight Carriers, Moving and Storage Companies, Trucking – Local/Long Distance, Delivery Services – Local","Motor Freight Carriers, Moving and Storage Companies, Trucking – Local/Long Distance, Delivery Services – Local",Motor Freight Carriers,"Motor Freight Carriers and Trucking - Local and Long Distance, Moving and Storage Companies, and Local Delivery Services ",No1.6041-3(c)
4215,"Courier Services – Air or Ground, Freight forwarders","Courier Services – Air or Ground, Freight forwarders",Courier Services – Air or Ground,Courier Services ,Yes
4225,"Public warehousing, Storage","Public warehousing, Storage","Warehousing, Public","Public Warehousing and Storage - Farm Products, Refrigerated Goods, Household Goods, and Storage ",No1.6041-3(c)
4411,Cruise and Steamship Lines,Cruise and Steamship Lines,Cruise Lines,Cruise Lines,Yes
4457,Boat Rentals and Leases,Boat Rentals and Leases,Boat Rentals and Leases,Boat Rentals and Leases,Yes
4468,"Marinas, Marine Service, and Supplies","Marinas, Marine Service, and Supplies","Marinas, Marine Service, and Supplies","Marinas, Service and Supplies",Yes
4511,"Airlines, Air Carriers ( not listed elsewhere)","Airlines, Air Carriers ( not listed elsewhere)","Airlines, Air Carriers ( not listed elsewhere)","Airlines, Air Carriers",Yes
4582,"Airports, Airport Terminals, Flying Fields","Airports, Airport Terminals, Flying Fields","Airports, Airport Terminals","Airports, Flying Fields",Yes
4722,Travel Agencies and Tour Operations,Travel Agencies and Tour Operations,Travel Agencies and Tour Operations,"Travel Agencies, Tour Operators",Yes
4784,Toll and Bridge Fees,Toll and Bridge Fees,Toll and Bridge Fees,Tolls/Bridge Fees,No1.6041-3(c)
4789,"Transportation Services, Not elsewhere classified)","Transportation Services, Not elsewhere classified)","Transportation Services, Not elsewhere classified)",Transportation Services (Not Elsewhere Classified),Yes
4812,Telecommunications Equipment including telephone sales,Telecommunications Equipment including telephone sales,Telecommunications Equipment including telephone sales,Telecommunication Equipment and Telephone Sales,No1.6041-3(c)
4814,"Fax services, Telecommunication Services","Fax services, Telecommunication Services",Fax services,Telecommunication Services,No1.6041-3(c)
4816,Computer Network Services,Computer Network Services,,Computer Network Services,No1.6041-3(c)
4829,Money Orders – Wire Transfer,Money Orders – Wire Transfer,Money Orders – Wire Transfer,"Wires, Money Orders",No1.6041-3(c)
4899,Cable and other pay television (previously Cable Services),Cable and other pay television (previously Cable Services),Cable and other pay television (previously Cable Services),"Cable, Satellite, and Other Pay Television and Radio",No1.6041-3(c)
4900,"Electric, Gas, Sanitary and Water Utilities","Electric, Gas, Sanitary and Water Utilities","Electric, Gas, Sanitary and Water Utilities",Utilities ,No1.6041-3(c)
5013,Motor vehicle supplies and new parts,Motor vehicle supplies and new parts,Motor vehicle supplies and new parts,Motor Vehicle Supplies and New Parts,No1.6041-3(c)
5021,Office and Commercial Furniture,Office and Commercial Furniture,Office and Commercial Furniture,Office and Commercial Furniture,No1.6041-3(c)
5039,"Construction Materials, Not Elsewhere Classified","Construction Materials, Not Elsewhere Classified","Construction Materials, Not Elsewhere Classified",Construction Materials (Not Elsewhere Classified),No1.6041-3(c)
5044,"Office, Photographic, Photocopy, and Microfilm Equipment","Office, Photographic, Photocopy, and Microfilm Equipment","Office, Photographic, Photocopy, and Microfilm Equipment","Photographic, Photocopy, Microfilm Equipment, and Supplies",No1.6041-3(c)
5045,"Computers, Computer Peripheral Equipment, Software","Computers, Computer Peripheral Equipment, Software","Computers, Computer Peripheral Equipment, Software","Computers, Peripherals, and Software",No1.6041-3(c)
5046,"Commercial Equipment, Not Elsewhere Classified","Commercial Equipment, Not Elsewhere Classified","Commercial Equipment, Not Elsewhere Classified",Commercial Equipment (Not Elsewhere Classified),No1.6041-3(c)
5047,"Medical, Dental Ophthalmic, Hospital Equipment and Supplies","Medical, Dental Ophthalmic, Hospital Equipment and Supplies","Medical, Dental Ophthalmic, Hospital Equipment and Supplies","Medical, Dental, Ophthalmic, and Hospital Equipment and Supplies",No1.6041-3(c)
5051,Metal Service Centers and Offices,Metal Service Centers and Offices,Metal Service Centers and Offices,Metal Service Centers,No1.6041-3(c)
5065,Electrical Parts and Equipment,Electrical Parts and Equipment,Electrical Parts and Equipment,Electrical Parts and Equipment,No1.6041-3(c)
5072,Hardware Equipment and Supplies,Hardware Equipment and Supplies,Hardware Equipment and Supplies,"Hardware, Equipment, and Supplies",No1.6041-3(c)
5074,Plumbing and Heating Equipment and Supplies,Plumbing and Heating Equipment and Supplies,Plumbing and Heating Equipment and Supplies,"Plumbing, Heating Equipment, and Supplies",No1.6041-3(c)
5085,"Industrial Supplies, Not Elsewhere Classified","Industrial Supplies, Not Elsewhere Classified","Industrial Supplies, Not Elsewhere Classified",Industrial Supplies (Not Elsewhere Classified),No1.6041-3(c)
5094,"Precious Stones and Metals, Watches and Jewelry","Precious Stones and Metals, Watches and Jewelry","Precious Stones and Metals, Watches and Jewelry","Precious Stones and Metals, Watches and Jewelry",No1.6041-3(c)
5099,"Durable Goods, Not Elsewhere Classified","Durable Goods, Not Elsewhere Classified","Durable Goods, Not Elsewhere Classified",Durable Goods (Not Elsewhere Classified),No1.6041-3(c)
5111,"Stationery, Office Supplies, Printing, and Writing Paper","Stationery, Office Supplies, Printing, and Writing Paper","Stationery, Office Supplies, Printing, and Writing Paper","Stationary, Office Supplies, Printing and Writing Paper",No1.6041-3(c)
5122,"Drugs, Drug Proprietors, and Druggist’s Sundries","Drugs, Drug Proprietors, and Druggist’s Sundries","Drugs, Drug Proprietors, and Druggist’s Sundries","Drugs, Drug Proprietaries, and Druggist Sundries",No1.6041-3(c)
5131,"Piece Goods, Notions, and Other Dry Goods","Piece Goods, Notions, and Other Dry Goods","Piece Goods, Notions, and Other Dry Goods","Piece Goods, Notions, and Other Dry Goods",No1.6041-3(c)
5137,Men’s Women’s and Children’s Uniforms and Commercial Clothing,Men’s Women’s and Children’s Uniforms and Commercial Clothing,Men’s Women’s and Children’s Uniforms and Commercial Clothing,"Uniforms, Commercial Clothing",No1.6041-3(c)
5139,Commercial Footwear,Commercial Footwear,Commercial Footwear,Commercial Footwear,No1.6041-3(c)
5169,"Chemicals and Allied Products, Not Elsewhere Classified","Chemicals and Allied Products, Not Elsewhere Classified","Chemicals and Allied Products, Not Elsewhere Classified",Chemicals and Allied Products (Not Elsewhere Classified),No1.6041-3(c)
5172,Petroleum and Petroleum Products,Petroleum and Petroleum Products,Petroleum and Petroleum Products,Petroleum and Petroleum Products,No1.6041-3(c)
5192,"Books, Periodicals, and Newspapers","Books, Periodicals, and Newspapers","Books, Periodicals, and Newspapers","Books, Periodicals, and Newspapers",No1.6041-3(c)
5193,"Florists’ Supplies, Nursery Stock and Flowers","Florists’ Supplies, Nursery Stock and Flowers","Florists’ Supplies, Nursery Stock and Flowers","Florists Supplies, Nursery Stock, and Flowers",No1.6041-3(c)
5198,"Paints, Varnishes, and Supplies","Paints, Varnishes, and Supplies","Paints, Varnishes, and Supplies","Paints, Varnishes, and Supplies",No1.6041-3(c)
5199,"Non-durable Goods, Not Elsewhere Classified","Non-durable Goods, Not Elsewhere Classified","Non-durable Goods, Not Elsewhere Classified",Nondurable Goods (Not Elsewhere Classified),No1.6041-3(c)
5200,Home Supply Warehouse Stores,Home Supply Warehouse Stores,Home Supply Warehouse Stores,Home Supply Warehouse Stores,No1.6041-3(c)
5211,Lumber and Building Materials Stores,Lumber and Building Materials Stores,Lumber and Building Materials Stores,"Lumber, Building Materials Stores",No1.6041-3(c)
5231,"Glass, Paint, and Wallpaper Stores","Glass, Paint, and Wallpaper Stores",Wallpaper Stores,"Glass, Paint, and Wallpaper Stores",No1.6041-3(c)
5251,Hardware Stores,Hardware Stores,Hardware Stores,Hardware Stores,No1.6041-3(c)
5261,Nurseries – Lawn and Garden Supply Store,Nurseries – Lawn and Garden Supply Store,Nurseries – Lawn and Garden Supply Store,"Nurseries, Lawn and Garden Supply Stores",No1.6041-3(c)
5262,Marketplaces,Marketplaces,Retail Stores,Marketplaces,No
5271,Mobile Home Dealers,Mobile Home Dealers,Mobile Home Dealers,Mobile Home Dealers,No1.6041-3(c)
5300,Wholesale Clubs,Wholesale Clubs,Wholesale Clubs,Wholesale Clubs,No1.6041-3(c)
5309,Duty Free Store,Duty Free Store,Duty Free Store,Duty Free Stores,No1.6041-3(c)
5310,Discount Stores,Discount Stores,Discount Stores,Discount Stores,No1.6041-3(c)
5311,Department Stores,Department Stores,Department Stores,Department Stores,No1.6041-3(c)
5331,Variety Stores,Variety Stores,Variety Stores,Variety Stores,No1.6041-3(c)
5399,Misc. General Merchandise,Misc. General Merchandise,Misc. General Merchandise,Miscellaneous General Merchandise,No1.6041-3(c)
5411,"Grocery Stores, Supermarkets","Grocery Stores, Supermarkets",Grocery Stores,"Grocery Stores, Supermarkets",No1.6041-3(c)
5422,Meat Provisioners – Freezer and Locker,Meat Provisioners – Freezer and Locker,Meat Provisioners – Freezer and Locker,Freezer and Locker Meat Provisioners,No1.6041-3(c)
5441,"Candy, Nut, and Confectionery Stores","Candy, Nut, and Confectionery Stores",Candy Stores,"Candy, Nut, and Confectionery Stores",No1.6041-3(c)
5451,Dairy Products Stores,Dairy Products Stores,Dairy Products Stores,Dairy Products Stores,No1.6041-3(c)
5462,Bakeries,Bakeries,Bakeries,Bakeries,No1.6041-3(c)
5499,Misc. Food Stores – Convenience Stores and Specialty Markets,Misc. Food Stores – Convenience Stores and Specialty Markets,Misc. Food Stores – Convenience Stores and Specialty Markets,Miscellaneous Food Stores - Convenience Stores and Specialty Markets,No1.6041-3(c)
5511,"Car and Truck Dealers (New and Used) Sales, Service, Repairs, Parts, and Leasing","Car and Truck Dealers (New and Used) Sales, Service, Repairs, Parts, and Leasing","Car and Truck Dealers (New and Used) Sales, Service, Repairs, Parts, and Leasing","Car and Truck Dealers (New & Used) Sales, Service, Repairs Parts and Leasing ",No1.6041-3(c)
5521,Automobile and Truck Dealers (Used Only),Automobile and Truck Dealers (Used Only),Automobile and Truck Dealers (Used Only),"Car and Truck Dealers (Used Only) Sales, Service, Repairs Parts and Leasing ",No1.6041-3(c)
5531,Automobile Supply Stores,Automobile Supply Stores,Automobile Supply Stores,Auto and Home Supply Stores,No1.6041-3(c)
5532,Automotive Tire Stores,Automotive Tire Stores,Automotive Tire Stores,Automotive Tire Stores,No1.6041-3(c)
5533,"Automotive Parts, Accessories Stores","Automotive Parts, Accessories Stores","Automotive Parts, Accessories Stores",Automotive Parts and Accessories Stores,No1.6041-3(c)
5541,Service Stations ( with or without ancillary services),Service Stations ( with or without ancillary services),Service Stations ( with or without ancillary services),Service Stations ,No1.6041-3(c)
5542,Automated Fuel Dispensers,Automated Fuel Dispensers,Automated Fuel Dispensers,Automated Fuel Dispensers,No1.6041-3(c)
5551,Boat Dealers,Boat Dealers,Boat Dealers,Boat Dealers,No1.6041-3(c)
5561,"Recreational and Utility Trailers, Camp Dealers","Recreational and Utility Trailers, Camp Dealers","Recreational and Utility Trailers, Camp Dealers","Motorcycle Shops, Dealers",No1.6041-3(c)
5571,Motorcycle Dealers,Motorcycle Dealers,Motorcycle Dealers,Motorcycle Shops and Dealers,No1.6041-3(c)
5599,Miscellaneous Auto Dealers ,Miscellaneous Auto Dealers ,,Miscellaneous Auto Dealers ,No1.6041-3(c)
5611,Men’s and Boy’s Clothing and Accessories Stores,Men’s and Boy’s Clothing and Accessories Stores,Men’s and Boy’s Clothing and Accessories Stores,Men’s and Boy’s Clothing and Accessories Stores,No1.6041-3(c)
5621,Women’s Ready-to-Wear Stores,Women’s Ready-to-Wear Stores,Women’s Ready-to-Wear Stores,Women’s Ready-To-Wear Stores,No1.6041-3(c)
5631,Women’s Accessory and Specialty Shops,Women’s Accessory and Specialty Shops,Women’s Accessory and Specialty Shops,Women’s Accessory and Specialty Shops,No1.6041-3(c)
5641,Children’s and Infant’s Wear Stores,Children’s and Infant’s Wear Stores,Children’s and Infant’s Wear Stores,Children’s and Infant’s Wear Stores,No1.6041-3(c)
5651,Family Clothing Stores,Family Clothing Stores,Family Clothing Stores,Family Clothing Stores,No1.6041-3(c)
5655,"Sports Apparel, Riding Apparel Stores","Sports Apparel, Riding Apparel Stores","Sports Apparel, Riding Apparel Stores",Sports and Riding Apparel Stores,No1.6041-3(c)
5661,Shoe Stores,Shoe Stores,Shoe Stores,Shoe Stores,No1.6041-3(c)
5681,Furriers and Fur Shops,Furriers and Fur Shops,Furriers and Fur Shops,Furriers and Fur Shops,No1.6041-3(c)
5691,Men’s and Women’s Clothing Stores,Men’s and Women’s Clothing Stores,Men’s and Women’s Clothing Stores,"Men’s, Women’s Clothing Stores",No1.6041-3(c)
5697,"Tailors, Seamstress, Mending, and Alterations","Tailors, Seamstress, Mending, and Alterations","Tailors, Seamstress, Mending, and Alterations","Tailors, Alterations",Yes
5698,Wig and Toupee Stores,Wig and Toupee Stores,Wig and Toupee Stores,Wig and Toupee Stores,No1.6041-3(c)
5699,Miscellaneous Apparel and Accessory Shops,Miscellaneous Apparel and Accessory Shops,Miscellaneous Apparel and Accessory Shops,Miscellaneous Apparel and Accessory Shops,No1.6041-3(c)
5712,"Furniture, Home Furnishings, and Equipment Stores, ExceptAppliances","Furniture, Home Furnishings, and Equipment Stores, ExceptAppliances","Furniture, Home Furnishings, and Equipment Stores, ExceptAppliances","Furniture, Home Furnishings, and Equipment Stores, Except Appliances",No1.6041-3(c)
5713,Floor Covering Stores,Floor Covering Stores,Floor Covering Stores,Floor Covering Stores,No1.6041-3(c)
5714,"Drapery, Window Covering and Upholstery Stores","Drapery, Window Covering and Upholstery Stores","Drapery, Window Covering and Upholstery Stores","Drapery, Window Covering, and Upholstery Stores",No1.6041-3(c)
5718,"Fireplace, Fireplace Screens, and Accessories Stores","Fireplace, Fireplace Screens, and Accessories Stores","Fireplace, Fireplace Screens, and Accessories Stores","Fireplace, Fireplace Screens, and Accessories Stores",No1.6041-3(c)
5719,Miscellaneous Home Furnishing Specialty Stores,Miscellaneous Home Furnishing Specialty Stores,Miscellaneous Home Furnishing Specialty Stores,Miscellaneous Home Furnishing Specialty Stores,No1.6041-3(c)
5722,Household Appliance Stores,Household Appliance Stores,Household Appliance Stores,Household Appliance Stores,No1.6041-3(c)
5732,Electronic Sales,Electronic Sales,Electronic Sales,Electronics Stores,No1.6041-3(c)
5733,"Music Stores, Musical Instruments, Piano Sheet Music","Music Stores, Musical Instruments, Piano Sheet Music","Music Stores, Musical Instruments, Piano Sheet Music","Music Stores-Musical Instruments, Pianos, and Sheet Music",No1.6041-3(c)
5734,Computer Software Stores,Computer Software Stores,Computer Software Stores,Computer Software Stores,No1.6041-3(c)
5735,Record Shops,Record Shops,Record Shops,Record Stores,No1.6041-3(c)
5811,Caterers,Caterers,Caterers,Caterers,Yes
5812,Eating places and Restaurants,Eating places and Restaurants,Eating places and Restaurants,"Eating Places, Restaurants",No1.6041-3(c)
5813,"Drinking Places (Alcoholic Beverages), Bars, Taverns, Cocktail lounges, Nightclubs and Discotheques","Drinking Places (Alcoholic Beverages), Bars, Taverns, Cocktail lounges, Nightclubs and Discotheques","Drinking Places (Alcoholic Beverages), Bars, Taverns, Cocktail lounges, Nightclubs and Discotheques",Drinking Places,No1.6041-3(c)
5814,Fast Food Restaurants,Fast Food Restaurants,Fast Food Restaurants,Fast Food Restaurants,No1.6041-3(c)
5815,"Digital Goods: Media, Books, Movies, Music",,,,
5816,Digital Goods: Games,,,,
5817,Digital Goods: Applications (Excludes Games),,,,
5818,Digital Goods: Large Digital Goods Merchant,,,,
5912,Drug Stores and Pharmacies,Drug Stores and Pharmacies,Drug Stores and Pharmacies,Drug Stores and Pharmacies,No1.6041-3(c)
5921,"Package Stores – Beer, Wine, and Liquor","Package Stores – Beer, Wine, and Liquor","Package Stores – Beer, Wine, and Liquor","Package Stores-Beer, Wine, and Liquor",No1.6041-3(c)
5931,Used Merchandise and Secondhand Stores,Used Merchandise and Secondhand Stores,Used Merchandise and Secondhand Stores,Used Merchandise and Secondhand Stores,No1.6041-3(c)
5932,Antique Shops,Antique Shops,,Antique Shops,No1.6041-3(c)
5933,Pawn Shops and Salvage Yards,Pawn Shops and Salvage Yards,Pawn Shops and Salvage Yards,Pawn Shops,No1.6041-3(c)
5935,Wrecking and Salvage Yards,Wrecking and Salvage Yards,Wrecking and Salvage Yards,Wrecking and Salvage Yards,Yes
5937,Antique Reproductions,Antique Reproductions,Antique Reproductions,Antique Reproductions,No1.6041-3(c)
5940,Bicycle Shops – Sales and Service,Bicycle Shops – Sales and Service,Bicycle Shops – Sales and Service,Bicycle Shops,No1.6041-3(c)
5941,Sporting Goods Stores,Sporting Goods Stores,Sporting Goods Stores,Sporting Goods Stores,No1.6041-3(c)
5942,Book Stores,Book Stores,Book Stores,Book Stores,No1.6041-3(c)
5943,"Stationery Stores, Office and School Supply Stores","Stationery Stores, Office and School Supply Stores","Stationery Stores, Office and School Supply Stores","Stationery Stores, Office, and School Supply Stores",No1.6041-3(c)
5944,"Watch, Clock, Jewelry, and Silverware Stores","Watch, Clock, Jewelry, and Silverware Stores","Watch, Clock, Jewelry, and Silverware Stores","Jewelry Stores, Watches, Clocks, and Silverware Stores",No1.6041-3(c)
5945,"Hobby, Toy, and Game Shops","Hobby, Toy, and Game Shops","Hobby, Toy, and Game Shops","Hobby, Toy, and Game Shops",No1.6041-3(c)
5946,Camera and Photographic Supply Stores,Camera and Photographic Supply Stores,Camera and Photographic Supply Stores,Camera and Photographic Supply Stores,No1.6041-3(c)
5947,"Card Shops, Gift, Novelty, and Souvenir Shops","Card Shops, Gift, Novelty, and Souvenir Shops","Card Shops, Gift, Novelty, and Souvenir Shops","Gift, Card, Novelty, and Souvenir Shops",No1.6041-3(c)
5948,Leather Goods Stores,Leather Goods Stores,Leather Goods Stores,Luggage and Leather Goods Stores,No1.6041-3(c)
5949,"Sewing, Needle, Fabric, and Price Goods Stores","Sewing, Needle, Fabric, and Price Goods Stores","Sewing, Needle, Fabric, and Price Goods Stores","Sewing, Needlework, Fabric, and Piece Goods Stores",No1.6041-3(c)
5950,Glassware/Crystal Stores,Glassware/Crystal Stores,Glassware/Crystal Stores,"Glassware, Crystal Stores",No1.6041-3(c)
5960,Direct Marketing- Insurance Service,Direct Marketing- Insurance Service,Direct Marketing- Insurance Service,Direct Marketing - Insurance Services,Yes
5962,Direct Marketing – Travel Related Arrangements Services,Direct Marketing – Travel Related Arrangements Services,Direct Marketing – Travel Related Arrangements Services,Direct Marketing - Travel,Yes
5963,Door-to-Door Sales,Door-to-Door Sales,Door-to-Door Sales,Door-To-Door Sales,No1.6041-3(c)
5964,Direct Marketing – Catalog Merchant,Direct Marketing – Catalog Merchant,Direct Marketing – Catalog Merchant,Direct Marketing - Catalog Merchant,No1.6041-3(c)
5965,Direct Marketing – Catalog and Catalog and Retail Merchant,Direct Marketing – Catalog and Catalog and Retail Merchant,Direct Marketing – Catalog and Catalog and Retail Merchant,Direct Marketing - Combination Catalog and Retail Merchant,No1.6041-3(c)
5966,Direct Marketing- Outbound Telemarketing Merchant,Direct Marketing- Outbound Telemarketing Merchant,Direct Marketing- Outbound Telemarketing Merchant,Direct Marketing - Outbound Tele,No1.6041-3(c)
5967,Direct Marketing – Inbound Teleservices Merchant,Direct Marketing – Inbound Teleservices Merchant,Direct Marketing – Inbound Teleservices Merchant,Direct Marketing - Inbound Tele,No1.6041-3(c)
5968,Direct Marketing – Continuity/Subscription Merchant,Direct Marketing – Continuity/Subscription Merchant,Direct Marketing – Continuity/Subscription Merchant,Direct Marketing - Subscription,No1.6041-3(c)
5969,Direct Marketing – Not Elsewhere Classified,Direct Marketing – Not Elsewhere Classified,Direct Marketing – Not Elsewhere Classified,Direct Marketing - Other ,No1.6041-3(c)
5970,Artist’s Supply and Craft Shops,Artist’s Supply and Craft Shops,Artist’s Supply and Craft Shops,Artist’s Supply and Craft Shops,No1.6041-3(c)
5971,Art Dealers and Galleries,Art Dealers and Galleries,Art Dealers and Galleries,Art Dealers and Galleries,No1.6041-3(c)
5972,Stamp and Coin Stores – Philatelic and Numismatic Supplies,Stamp and Coin Stores – Philatelic and Numismatic Supplies,Stamp and Coin Stores – Philatelic and Numismatic Supplies,Stamp and Coin Stores,No1.6041-3(c)
5973,Religious Goods Stores,Religious Goods Stores,Religious Goods Stores,Religious Goods Stores,No1.6041-3(c)
5975,"Hearing Aids – Sales, Service, and Supply Stores","Hearing Aids – Sales, Service, and Supply Stores","Hearing Aids – Sales, Service, and Supply Stores",Hearing Aids Sales and Supplies,No1.6041-3(c)
5976,Orthopedic Goods Prosthetic Devices,Orthopedic Goods Prosthetic Devices,Orthopedic Goods Prosthetic Devices,Orthopedic Goods - Prosthetic Devices,No1.6041-3(c)
5977,Cosmetic Stores,Cosmetic Stores,Cosmetic Stores,Cosmetic Stores,No1.6041-3(c)
5978,"Typewriter Stores – Sales, Rental, Service","Typewriter Stores – Sales, Rental, Service","Typewriter Stores – Sales, Rental, Service",Typewriter Stores,No1.6041-3(c)
5983,"Fuel – Fuel Oil, Wood, Coal, Liquefied Petroleum","Fuel – Fuel Oil, Wood, Coal, Liquefied Petroleum","Fuel – Fuel Oil, Wood, Coal, Liquefied Petroleum",Fuel Dealers (Non Automotive),No1.6041-3(c)
5992,Florists,Florists,Florists,Florists,No1.6041-3(c)
5993,Cigar Stores and Stands,Cigar Stores and Stands,Cigar Stores and Stands,Cigar Stores and Stands,No1.6041-3(c)
5994,News Dealers and Newsstands,News Dealers and Newsstands,News Dealers and Newsstands,News Dealers and Newsstands,No1.6041-3(c)
5995,"Pet Shops, Pet Foods, and Supplies Stores","Pet Shops, Pet Foods, and Supplies Stores","Pet Shops, Pet Foods, and Supplies Stores","Pet Shops, Pet Food, and Supplies",No1.6041-3(c)
5996,"Swimming Pools – Sales, Service, and Supplies","Swimming Pools – Sales, Service, and Supplies","Swimming Pools – Sales, Service, and Supplies",Swimming Pools Sales,No1.6041-3(c)
5997,Electric Razor Stores – Sales and Service,Electric Razor Stores – Sales and Service,Electric Razor Stores – Sales and Service,Electric Razor Stores,No1.6041-3(c)
5998,Tent and Awning Shops,Tent and Awning Shops,Tent and Awning Shops,Tent and Awning Shops,No1.6041-3(c)
5999,Miscellaneous and Specialty Retail Stores,Miscellaneous and Specialty Retail Stores,Miscellaneous and Specialty Retail Stores,Miscellaneous Specialty Retail,No1.6041-3(c)
6010,Financial Institutions – Manual Cash Disbursements,Financial Institutions – Manual Cash Disbursements,Financial Institutions – Manual Cash Disbursements,Manual Cash Disburse,No1.6041-3(c)
6011,Financial Institutions – Manual Cash Disbursements,Financial Institutions – Manual Cash Disbursements,Financial Institutions – Manual Cash Disbursements,Automated Cash Disburse,No1.6041-3(c)
6012,Financial Institutions – Merchandise and Services,Financial Institutions – Merchandise and Services,Financial Institutions – Merchandise and Services,Financial Institutions,Yes
6050,Quasi Cash — Financial Institution,Quasi Cash — Financial Institution,Financial Institution,Financial Services,No
6051,"Non-Financial Institutions – Foreign Currency, Money Orders (not wire transfer) and Travelers Cheques","Non-Financial Institutions – Foreign Currency, Money Orders (not wire transfer) and Travelers Cheques","Non-Financial Institutions – Foreign Currency, Money Orders (not wire transfer) and Travelers Cheques","Non-FI, Money Orders",No1.6041-3(c)
6211,Security Brokers/Dealers,Security Brokers/Dealers,Security Brokers/Dealers,Security Brokers/Dealers,Yes
6300,"Insurance Sales, Underwriting, and Premiums","Insurance Sales, Underwriting, and Premiums","Insurance Sales, Underwriting, and Premiums","Insurance Underwriting, Premiums",No1.6041-3(c)
6513,Real Estate Agents and Managers - Rentals,Real Estate Agents and Managers - Rentals,,Real Estate Agents and Managers - Rentals,Yes
6532,Payment Service Provider — Domestic,Payment Service Provider — Domestic,Payment Services,Payment Services,No
6533,Payment Service Provider — International,Payment Service Provider — International,Payment Services,Payment Services,No
6536,MoneySend Intracountry,MoneySend Intracountry,Money Transfer,Money Transfer,No
6537,MoneySend Intercountry,MoneySend Intercountry,Money Transfer,Money Transfer,No
6538,MoneySend Funding,MoneySend Funding,Money Transfer,Money Transfer,No
6540,POI Funding Transactions,POI Funding Transactions,Stored Value / Prepaid,Financial Services,No
6555,"Business Services, NEC","Business Services, NEC",Business Services,Business Services,No
7011,"Lodging – Hotels, Motels, Resorts, Central Reservation Services (not elsewhere classified)","Lodging – Hotels, Motels, Resorts, Central Reservation Services (not elsewhere classified)","Lodging – Hotels, Motels, Resorts, Central Reservation Services (not elsewhere classified)","Hotels, Motels, and Resorts",Yes
7012,Timeshares,Timeshares,Timeshares,Timeshares,Yes
7032,Sporting and Recreational Camps,Sporting and Recreational Camps,Sporting and Recreational Camps,Sporting/Recreation Camps,Yes
7033,Trailer Parks and Camp Grounds,Trailer Parks and Camp Grounds,Trailer Parks and Camp Grounds,"Trailer Parks, Campgrounds",Yes
7210,"Laundry, Cleaning, and Garment Services","Laundry, Cleaning, and Garment Services","Laundry, Cleaning, and Garment Services","Laundry, Cleaning Services",Yes
7211,Laundry – Family and Commercial,Laundry – Family and Commercial,Laundry – Family and Commercial,Laundries ,Yes
7216,Dry Cleaners,Dry Cleaners,Dry Cleaners,Dry Cleaners,Yes
7217,Carpet and Upholstery Cleaning,Carpet and Upholstery Cleaning,Carpet and Upholstery Cleaning,Carpet/Upholstery Cleaning,Yes
7221,Photographic Studios,Photographic Studios,Photographic Studios,Photographic Studios,Yes
7230,Barber and Beauty Shops,Barber and Beauty Shops,Barber and Beauty Shops,Barber and Beauty Shops,Yes
7251,"Shop Repair Shops and Shoe Shine Parlors, and Hat Cleaning Shops","Shop Repair Shops and Shoe Shine Parlors, and Hat Cleaning Shops","Shop Repair Shops and Shoe Shine Parlors, and Hat Cleaning Shops",Shoe Repair/Hat Cleaning,Yes
7261,Funeral Service and Crematories,Funeral Service and Crematories,Funeral Service and Crematories,"Funeral Services, Crematories",Yes
7273,Dating and Escort Services,Dating and Escort Services,Dating and Escort Services,Dating/Escort Services,Yes
7276,Tax Preparation Service,Tax Preparation Service,Tax Preparation Service,Tax Preparation Services,Yes
7277,"Counseling Service – Debt, Marriage, Personal","Counseling Service – Debt, Marriage, Personal","Counseling Service – Debt, Marriage, Personal",Counseling Services,Yes
7278,"Buying/Shopping Services, Clubs","Buying/Shopping Services, Clubs","Buying/Shopping Services, Clubs",Buying/Shopping Services,Yes
7296,"Clothing Rental – Costumes, Formal Wear, Uniforms","Clothing Rental – Costumes, Formal Wear, Uniforms","Clothing Rental – Costumes, Formal Wear, Uniforms",Clothing Rental ,Yes
7297,Massage Parlors,Massage Parlors,Massage Parlors,Massage Parlors,Yes
7298,Health and Beauty Shops,Health and Beauty Shops,Health and Beauty Shops,Health and Beauty Spas,Yes
7299,Miscellaneous Personal Services ( not elsewhere classifies),Miscellaneous Personal Services ( not elsewhere classifies),Miscellaneous Personal Services ( not elsewhere classifies),Miscellaneous General Services,Yes
7311,Advertising Services,Advertising Services,Advertising Services,Advertising Services,Yes
7321,Consumer Credit Reporting Agencies,Consumer Credit Reporting Agencies,Consumer Credit Reporting Agencies,Credit Reporting Agencies,Yes
7333,"Commercial Photography, Art and Graphics","Commercial Photography, Art and Graphics","Commercial Photography, Art and Graphics","Commercial Photography, Art and Graphics",Yes
7338,"Quick Copy, Reproduction and Blueprinting Services","Quick Copy, Reproduction and Blueprinting Services","Quick Copy, Reproduction and Blueprinting Services","Quick Copy, Repro, and Blueprint",Yes
7339,Stenographic and Secretarial Support Services,Stenographic and Secretarial Support Services,Stenographic and Secretarial Support Services,Secretarial Support Services,Yes
7342,Exterminating and Disinfecting Services,Exterminating and Disinfecting Services,Exterminating and Disinfecting Services,Exterminating Services,Yes
7349,"Cleaning and Maintenance, Janitorial Services","Cleaning and Maintenance, Janitorial Services","Cleaning and Maintenance, Janitorial Services",Cleaning and Maintenance,Yes
7361,"Employment Agencies, Temporary Help Services","Employment Agencies, Temporary Help Services","Employment Agencies, Temporary Help Services",Employment/Temp Agencies,Yes
7372,"Computer Programming, Integrated Systems Design and Data Processing Services","Computer Programming, Integrated Systems Design and Data Processing Services","Computer Programming, Integrated Systems Design and Data Processing Services",Computer Programming,Yes
7375,Information Retrieval Services,Information Retrieval Services,Information Retrieval Services,Information Retrieval Services,Yes
7379,"Computer Maintenance and Repair Services, Not Elsewhere Classified","Computer Maintenance and Repair Services, Not Elsewhere Classified","Computer Maintenance and Repair Services, Not Elsewhere Classified",Computer Repair,Yes
7392,"Management, Consulting, and Public Relations Services","Management, Consulting, and Public Relations Services","Management, Consulting, and Public Relations Services","Consulting, Public Relations",Yes
7393,Protective and Security Services – Including Armored Carsand Guard Dogs,Protective and Security Services – Including Armored Carsand Guard Dogs,Protective and Security Services – Including Armored Carsand Guard Dogs,Detective Agencies,Yes
7394,"Equipment Rental and Leasing Services, Tool Rental, Furniture Rental, and Appliance Rental","Equipment Rental and Leasing Services, Tool Rental, Furniture Rental, and Appliance Rental","Equipment Rental and Leasing Services, Tool Rental, Furniture Rental, and Appliance Rental",Equipment Rental ,Yes
7395,"Photofinishing Laboratories, Photo Developing","Photofinishing Laboratories, Photo Developing","Photofinishing Laboratories, Photo Developing",Photo Developing,Yes
7399,"Business Services, Not Elsewhere Classified","Business Services, Not Elsewhere Classified","Business Services, Not Elsewhere Classified",Miscellaneous Business Services ,Yes
7512,Car Rental Companies ( Not Listed Below),Car Rental Companies ( Not Listed Below),Car Rental Companies ( Not Listed Below),Car Rental Agencies,Yes
7513,Truck and Utility Trailer Rentals,Truck and Utility Trailer Rentals,Truck and Utility Trailer Rentals,Truck/Utility Trailer Rentals,Yes
7519,Motor Home and Recreational Vehicle Rentals,Motor Home and Recreational Vehicle Rentals,Motor Home and Recreational Vehicle Rentals,Recreational Vehicle Rentals,Yes
7523,Automobile Parking Lots and Garages,Automobile Parking Lots and Garages,Automobile Parking Lots and Garages,"Parking Lots, Garages",Yes
7531,Automotive Body Repair Shops,Automotive Body Repair Shops,Automotive Body Repair Shops,Auto Body Repair Shops,Yes
7534,Tire Re-treading and Repair Shops,Tire Re-treading and Repair Shops,Tire Re-treading and Repair Shops,Tire Retreading and Repair,Yes
7535,Paint Shops – Automotive,Paint Shops – Automotive,Paint Shops – Automotive,Auto Paint Shops,Yes
7538,Automotive Service Shops,Automotive Service Shops,Automotive Service Shops,Auto Service Shops,Yes
7542,Car Washes,Car Washes,Car Washes,Car Washes,Yes
7622,Radio Repair Shops,Radio Repair Shops,Radio Repair Shops,Electronics Repair Shops,Yes
7623,Air Conditioning and Refrigeration Repair Shops,Air Conditioning and Refrigeration Repair Shops,Air Conditioning and Refrigeration Repair Shops,"A/C, Refrigeration Repair",Yes
7629,Electrical And Small Appliance Repair Shops,Electrical And Small Appliance Repair Shops,Electrical And Small Appliance Repair Shops,Small Appliance Repair,Yes
7631,"Watch, Clock, and Jewelry Repair","Watch, Clock, and Jewelry Repair","Watch, Clock, and Jewelry Repair",Watch/Jewelry Repair,Yes
7641,"Furniture, Furniture Repair, and Furniture Refinishing","Furniture, Furniture Repair, and Furniture Refinishing","Furniture, Furniture Repair, and Furniture Refinishing","Furniture Repair, Refinishing",Yes
7692,Welding Repair,Welding Repair,Welding Repair,Welding Repair,Yes
7699,Repair Shops and Related Services –Miscellaneous,Repair Shops and Related Services –Miscellaneous,Repair Shops and Related Services –Miscellaneous,Miscellaneous Repair Shops,Yes
7829,Motion Pictures and Video Tape Production and Distribution,Motion Pictures and Video Tape Production and Distribution,Motion Pictures and Video Tape Production and Distribution,Picture/Video Production,Yes
7832,Motion Picture Theaters,Motion Picture Theaters,Motion Picture Theaters,Motion Picture Theaters,Yes
7841,Video Tape Rental Stores,Video Tape Rental Stores,Video Tape Rental Stores,Video Tape Rental Stores,Yes
7911,"Dance Halls, Studios and Schools","Dance Halls, Studios and Schools","Dance Halls, Studios and Schools","Dance Hall, Studios, Schools",Yes
7922,"Theatrical Producers (Except Motion Pictures), Ticket Agencies","Theatrical Producers (Except Motion Pictures), Ticket Agencies","Theatrical Producers (Except Motion Pictures), Ticket Agencies",Theatrical Ticket Agencies,Yes
7929,"Bands, Orchestras, and Miscellaneous Entertainers (Not Elsewhere Classified)","Bands, Orchestras, and Miscellaneous Entertainers (Not Elsewhere Classified)","Bands, Orchestras, and Miscellaneous Entertainers (Not Elsewhere Classified)","Bands, Orchestras",Yes
7932,Billiard and Pool Establishments,Billiard and Pool Establishments,Billiard and Pool Establishments,Billiard/Pool Establishments,Yes
7933,Bowling Alleys,Bowling Alleys,Bowling Alleys,Bowling Alleys,Yes
7941,"Commercial Sports, Athletic Fields, Professional Sport Clubs, and Sport Promoters","Commercial Sports, Athletic Fields, Professional Sport Clubs, and Sport Promoters","Commercial Sports, Athletic Fields, Professional Sport Clubs, and Sport Promoters",Sports Clubs/Fields,Yes
7991,Tourist Attractions and Exhibits,Tourist Attractions and Exhibits,Tourist Attractions and Exhibits,Tourist Attractions and Exhibits,Yes
7992,Golf Courses – Public,Golf Courses – Public,Golf Courses – Public,Golf Courses - Public,Yes
7993,Video Amusement Game Supplies,Video Amusement Game Supplies,Video Amusement Game Supplies,Video Amusement Game Supplies,No1.6041-3(c)
7994,Video Game Arcades/Establishments,Video Game Arcades/Establishments,Video Game Arcades/Establishments,Video Game Arcades,Yes
7995,"Betting (including Lottery Tickets, Casino Gaming Chips, Off-track Betting and Wagers at Race Tracks)","Betting (including Lottery Tickets, Casino Gaming Chips, Off-track Betting and Wagers at Race Tracks)","Betting (including Lottery Tickets, Casino Gaming Chips, Off-track Betting and Wagers at Race Tracks)",Betting/Casino Gambling,Yes
7996,"Amusement Parks, Carnivals, Circuses, Fortune Tellers","Amusement Parks, Carnivals, Circuses, Fortune Tellers","Amusement Parks, Carnivals, Circuses, Fortune Tellers",Amusement Parks/Carnivals,Yes
7997,"Membership Clubs (Sports, Recreation, Athletic), Country Clubs, and Private Golf Courses","Membership Clubs (Sports, Recreation, Athletic), Country Clubs, and Private Golf Courses","Membership Clubs (Sports, Recreation, Athletic), Country Clubs, and Private Golf Courses",Country Clubs,Yes
7998,"Aquariums, Sea-aquariums, Dolphinariums","Aquariums, Sea-aquariums, Dolphinariums","Aquariums, Sea-aquariums, Dolphinariums",Aquariums,Yes
7999,Recreation Services (Not Elsewhere Classified),Recreation Services (Not Elsewhere Classified),Recreation Services (Not Elsewhere Classified),Miscellaneous Recreation Services,Yes
8011,Doctors and Physicians (Not Elsewhere Classified),Doctors and Physicians (Not Elsewhere Classified),Doctors and Physicians (Not Elsewhere Classified),Doctors,Yes
8021,Dentists and Orthodontists,Dentists and Orthodontists,Dentists and Orthodontists,"Dentists, Orthodontists",Yes
8031,Osteopaths,Osteopaths,Osteopaths,Osteopaths,Yes
8041,Chiropractors,Chiropractors,Chiropractors,Chiropractors,Yes
8042,Optometrists and Ophthalmologists,Optometrists and Ophthalmologists,Optometrists and Ophthalmologists,"Optometrists, Ophthalmologist",Yes
8043,"Opticians, Opticians Goods and Eyeglasses","Opticians, Opticians Goods and Eyeglasses","Opticians, Opticians Goods and Eyeglasses","Opticians, Eyeglasses",Yes
8049,Podiatrists and Chiropodists,Podiatrists and Chiropodists,Podiatrists and Chiropodists,"Chiropodists, Podiatrists",Yes
8050,Nursing and Personal Care Facilities,Nursing and Personal Care Facilities,Nursing and Personal Care Facilities,Nursing/Personal Care ,Yes
8062,Hospitals,Hospitals,Hospitals,Hospitals,Yes
8071,Medical and Dental Laboratories,Medical and Dental Laboratories,Medical and Dental Laboratories,Medical and Dental Labs,Yes
8099,Medical Services and Health Practitioners (Not Elsewhere Classified),Medical Services and Health Practitioners (Not Elsewhere Classified),Medical Services and Health Practitioners (Not Elsewhere Classified),Medical Services ,Yes
8111,Legal Services and Attorneys,Legal Services and Attorneys,Legal Services and Attorneys,"Legal Services, Attorneys",Yes
8211,Elementary and Secondary Schools,Elementary and Secondary Schools,Elementary and Secondary Schools,"Elementary, Secondary Schools",No1.6041-3(p)(2)
8220,"Colleges, Junior Colleges, Universities, and ProfessionalSchools","Colleges, Junior Colleges, Universities, and ProfessionalSchools","Colleges, Junior Colleges, Universities, and ProfessionalSchools","Colleges, Universities",No1.6041-3(p)(2)
8241,Correspondence Schools,Correspondence Schools,Correspondence Schools,Correspondence Schools,No1.6041-3(p)(2)
8244,Business and Secretarial Schools,Business and Secretarial Schools,Business and Secretarial Schools,Business/Secretarial Schools,No1.6041-3(p)(2)
8249,Vocational Schools and Trade Schools,Vocational Schools and Trade Schools,Vocational Schools and Trade Schools,Vocational/Trade Schools,No1.6041-3(p)(2)
8299,Schools and Educational Services ( Not Elsewhere Classified),Schools and Educational Services ( Not Elsewhere Classified),Schools and Educational Services ( Not Elsewhere Classified),Educational Services ,Yes
8351,Child Care Services,Child Care Services,Child Care Services,Child Care Services,Yes
8398,Charitable and Social Service Organizations,Charitable and Social Service Organizations,Charitable and Social Service Organizations,Charitable and Social Service Organizations - Fundraising,No1.6041-3(p)(2)
8641,"Civic, Fraternal, and Social Associations","Civic, Fraternal, and Social Associations","Civic, Fraternal, and Social Associations","Civic, Social, Fraternal Associations",No1.6041-3(p)(2)
8651,Political Organizations,Political Organizations,Political Organizations,Political Organizations,Yes
8661,Religious Organizations,Religious Organizations,Religious Organizations,Religious Organizations,No1.6041-3(p)(2)
8675,Automobile Associations,Automobile Associations,Automobile Associations,Automobile Associations,Yes
8699,Membership Organizations ( Not Elsewhere Classified),Membership Organizations ( Not Elsewhere Classified),Membership Organizations ( Not Elsewhere Classified),Membership Organizations,Yes
8734,Testing Laboratories ( non-medical),Testing Laboratories ( non-medical),Testing Laboratories ( non-medical),Testing Laboratories,Yes
8911,Architectural – Engineering and Surveying Services,Architectural – Engineering and Surveying Services,Architectural – Engineering and Surveying Services,Architectural/Surveying Services,Yes
8931,"Accounting, Auditing, and Bookkeeping Services","Accounting, Auditing, and Bookkeeping Services","Accounting, Auditing, and Bookkeeping Services",Accounting/Bookkeeping Services,Yes
8999,Professional Services ( Not Elsewhere Defined),Professional Services ( Not Elsewhere Defined),Professional Services ( Not Elsewhere Defined),Professional Services,Yes
9211,"Court Costs, including Alimony and Child Support","Court Costs, including Alimony and Child Support","Court Costs, including Alimony and Child Support","Court Costs, Including Alimony and Child Support - Courts of Law",No1.6041-3(p)(4)
9222,Fines,Fines,Fines,Fines - Government Administrative Entities,No1.6041-3(p)(4)
9311,Tax Payments,Tax Payments,Tax Payments,Tax Payments - Government Agencies,No1.6041-3(p)(4)
9399,Government Services ( Not Elsewhere Classified),Government Services ( Not Elsewhere Classified),Government Services ( Not Elsewhere Classified),Government Services (Not Elsewhere Classified),No1.6041-3(p)(4)
9402,Postal Services – Government Only,Postal Services – Government Only,Postal Services – Government Only,Postal Services - Government Only,No1.6041-3(p)(3)
9405,Intra – Government Transactions,Intra – Government Transactions,Intra – Government Transactions,U.S. Federal Government Agencies or Departments,No1.6041-3(p)(3)
9406,Government-Owned Lottery,Government-Owned Lottery,Government Services,Government Services,No
